factor,premium_impact_pp
High EV/EBITDA (expensive),-2.6816487312316895
Distressed target,0.042787596583366394
Cross-border deal,0.42728662490844727
High revenue growth,0.7154257297515869
High VIX (uncertainty),1.0866799354553223
Additional bidder (auction),1.9287240505218506
Financial buyer discount,2.6927595138549805
Beaten-down stock (low ret),2.7769389152526855
Cash consideration,3.2050774097442627
Hostile bid,6.131501197814941
