{
  "n_estimators": 135,
  "max_depth": 2,
  "learning_rate": 0.05468478947262452,
  "subsample": 0.653027487920839,
  "colsample_bytree": 0.9252780980799021,
  "min_child_weight": 9,
  "reg_alpha": 0.5161494837417714,
  "reg_lambda": 0.0059540606499572735,
  "gamma": 1.6112767440833715,
  "cv_mae": 9.337750892501692,
  "test_mae": 9.377251694184498,
  "test_r2": 0.4694782756352527
}