model,MAE,R2,HPO,CV
Baseline XGBoost,9.399421305835697,0.47415413119202776,No,None
Tuned XGBoost,9.377251694184498,0.4694782756352527,Optuna 100 trials,TimeSeriesSplit(5)
Lasso (best),7.922017596378957,0.5941265547268773,Manual,Time-based
